{"cameraMode":{"drawMode":0,"name":"Shaded","section":"Shading Mode"},"sceneLighting":true,"audioPlay":false,"sceneViewState":{"showFog":true,"showMaterialUpdate":false,"showSkybox":true,"showFlares":true,"showImageEffects":true,"showParticleSystems":true},"in2DMode":false,"pivot":{"x":-49.429039001464847,"y":46.448184967041019,"z":8.37591552734375},"rotation":{"x":-0.19377675652503968,"y":-0.7877528071403503,"z":0.30653423070907595,"w":-0.4979500472545624},"size":82.46135711669922,"orthographic":false}