{"cameraMode":{"drawMode":0,"name":"Shaded","section":"Shading Mode"},"sceneLighting":true,"audioPlay":false,"sceneViewState":{"showFog":true,"showMaterialUpdate":false,"showSkybox":true,"showFlares":true,"showImageEffects":true,"showParticleSystems":true},"in2DMode":false,"pivot":{"x":-61.53247833251953,"y":12.045390129089356,"z":10.975370407104493},"rotation":{"x":0.0033297475893050434,"y":0.7602704763412476,"z":-0.003867108840495348,"w":0.6496472954750061},"size":7.128765106201172,"orthographic":false}