{"cameraMode":{"drawMode":0,"name":"Shaded","section":"Shading Mode"},"sceneLighting":true,"audioPlay":false,"sceneViewState":{"showFog":true,"showMaterialUpdate":false,"showSkybox":true,"showFlares":true,"showImageEffects":true,"showParticleSystems":true},"in2DMode":false,"pivot":{"x":131.79916381835938,"y":81.2680435180664,"z":64.468994140625},"rotation":{"x":0.1089998260140419,"y":-0.33621135354042055,"z":0.03923533484339714,"w":0.9346729516983032},"size":35.6963996887207,"orthographic":false}