{"cameraMode":{"drawMode":0,"name":"Shaded","section":"Shading Mode"},"sceneLighting":true,"audioPlay":false,"sceneViewState":{"showFog":true,"showMaterialUpdate":false,"showSkybox":true,"showFlares":true,"showImageEffects":true,"showParticleSystems":true},"in2DMode":false,"pivot":{"x":658.4249877929688,"y":275.24365234375,"z":134.2576446533203},"rotation":{"x":0.173655703663826,"y":-0.02687855064868927,"z":0.004790492355823517,"w":0.9844605922698975},"size":815.9327392578125,"orthographic":false}